name,invasive
1426,1.0
614,1.0
751,1.0
316,3.86416187936e-09
777,1.0
302,0.0864638760686
486,1.0
874,0.999936342239
62,3.55068150384e-05
1053,2.45448136411e-05
1212,1.0
603,1.0
551,3.46526939088e-11
1236,1.0
535,1.0
1190,0.00153660716023
1265,1.27974189468e-07
1364,0.866581380367
573,5.91821157917e-15
1351,1.0
96,3.96103358447e-11
172,1.15766257691e-10
1226,5.58201520562e-07
164,2.07249868822e-07
859,1.0
1110,1.0
266,4.06930631414e-08
1407,3.84324950337e-13
756,1.12864151358e-09
401,1.0
218,4.74645966975e-09
1473,1.0
1340,4.75634896052e-12
1435,2.70890776477e-08
453,4.33812738265e-06
1267,1.05539720607e-05
584,9.20331779536e-12
631,1.0
887,1.0
1365,4.47044961813e-13
39,1.0
171,4.48353944194e-07
854,0.999536275864
830,5.42612212939e-07
683,2.97424519909e-12
417,9.66488400422e-08
1188,1.19102435292e-06
1456,0.000133406269015
1192,0.000881829182617
363,1.0
1347,1.0
558,2.55411091582e-11
932,2.92945003366e-07
1149,9.73045810593e-11
1080,1.80887113288e-07
1124,2.51497715882e-12
1527,1.9610093549e-09
491,1.0
259,1.0
1095,1.0
521,3.17872461686e-09
524,0.999999880791
750,9.42133112858e-07
366,4.66117366926e-10
444,3.07829530755e-08
1198,1.51436560482e-16
812,0.403533130884
928,1.0
775,1.69623837198e-09
1001,3.89178481108e-11
883,7.50017964402e-11
1245,0.0261323321611
37,2.39053193907e-10
1472,5.94837992196e-08
759,1.0
622,1.0
150,5.02996117575e-05
950,1.0
380,1.0
426,4.44551513656e-11
1271,8.2867828155e-08
1305,1.0
110,0.00669141160324
106,1.00553632087e-09
1310,5.06990909344e-06
949,1.0
1492,0.000106925181171
378,3.97168741983e-06
1444,1.0
749,1.0
63,1.0
115,1.0
973,1.0
479,1.0
1232,1.36542709583e-07
245,0.999999284744
780,1.0
356,5.22769418865e-08
1308,0.00568565353751
4,4.94249363658e-11
189,5.27508632331e-07
1027,1.0
758,1.0
1249,3.82396336818e-07
1285,2.85638392938e-08
507,1.0
420,1.0
1240,0.00567210791633
228,1.0
3,1.43863161384e-07
134,1.0
1024,1.0
1051,1.19254304209e-08
757,3.57751987756e-11
369,1.0
1000,0.000977120478638
1356,1.0
673,0.128378719091
920,1.0
1075,1.0
835,2.53742609146e-08
1411,1.0
1441,1.0
790,1.0
225,1.0
290,5.73320765862e-11
1301,0.999977111816
472,2.61283759073e-07
1181,1.0
135,0.999656319618
1487,1.0
747,3.4171795981e-14
1514,1.0
309,4.79791606267e-06
695,9.41831682089e-12
1334,1.18440894425e-07
787,1.0
720,1.37604303063e-07
585,2.16087165522e-11
964,1.97489473663e-08
207,9.87712919596e-05
352,1.0
1148,0.000553341174964
1005,0.999862790108
1142,1.0
1215,1.44396411494e-10
344,4.26919314123e-06
752,2.90685422781e-12
175,1.0
391,6.086550286e-08
634,4.4609191896e-09
17,1.29848524466e-06
119,1.0
1210,1.0
527,1.0
432,5.41685629685e-08
1073,1.20965695793e-10
1083,1.0
388,1.0
22,0.000100376710179
360,1.07013675699e-09
968,4.76381911696e-09
739,2.0217459678e-05
149,0.024093337357
1278,1.59212171225e-10
1069,1.0
193,1.0
1490,4.86259978061e-06
364,1.0
1251,1.61327201598e-10
1235,6.63774785665e-15
691,1.0
1300,1.04303665704e-09
938,4.99331349602e-07
1385,1.24111987354e-09
304,1.0
481,0.999994277954
953,3.41841249751e-10
546,1.0953146376e-11
1218,1.0
282,7.86011696619e-06
1062,1.0
485,1.0
581,1.0
1168,1.0
702,1.51416013061e-09
1522,1.45517420336e-08
564,6.39984787387e-10
1378,2.25490566663e-05
1373,2.73256084427e-08
34,1.0
359,0.0111872581765
123,1.0
56,7.02859688853e-12
350,2.97871449728e-11
271,1.0
866,1.0
70,1.0
492,8.29238309692e-15
1102,1.0
353,1.7137932783e-12
696,1.0
1448,2.7381024531e-11
508,1.0
498,1.95946067834e-05
1150,1.0
91,1.0
6,1.63512850122e-05
502,1.0
512,9.92495042738e-05
543,6.63546648183e-12
862,1.0
908,3.38953682899e-08
18,4.8075508019e-09
1425,1.0
661,2.19631019718e-05
1513,2.45227154555e-11
1137,1.0
261,1.0
1131,1.0
340,8.78906902813e-09
559,1.0
902,0.115978099406
313,1.0
824,1.0
167,1.40437146356e-08
761,7.70335172672e-17
744,1.0
36,1.0
296,0.000155970017659
1077,1.0
1036,1.0
961,1.0
1314,2.83978096149e-07
425,1.0
333,1.0
1422,1.0
314,1.0
717,1.0
1041,9.69949724094e-07
650,0.000177266148967
594,0.99998497963
210,1.0
555,1.0
1155,2.81787954082e-10
815,3.40916699315e-07
251,5.26191740846e-07
112,5.1081788115e-05
1087,7.19491533019e-09
913,2.87203619109e-07
120,1.0
65,8.7231334352e-13
456,1.62919260305e-08
1237,0.999999403954
676,2.76415723643e-10
1353,2.34142748923e-06
946,1.0
922,1.61673560797e-05
295,9.2218348513e-09
1104,8.93194908258e-07
669,0.781928360462
371,1.0
816,1.0
899,1.23481069814e-09
184,1.99906891041e-09
1510,1.0
863,1.51899797629e-07
1009,1.0
1503,8.14801381921e-08
791,0.0563782714307
539,1.71211406597e-12
489,2.92451165507e-08
12,2.45995224191e-09
1480,1.0
890,1.0
664,1.0
933,1.0
915,1.0
437,8.58254409764e-08
159,4.94616969604e-08
870,2.70895139654e-10
482,1.12500941896e-09
1338,4.04786149261e-13
1103,3.95153882948e-08
1011,2.65356139839e-11
550,1.0
944,4.72208247303e-15
709,1.0
1416,1.48340522088e-08
629,2.09034811682e-09
11,2.40693531772e-09
901,1.0
1132,0.010152454488
948,2.40895600993e-13
324,1.85302967415e-10
999,1.0
1363,1.0
1402,1.0
918,1.0
1332,1.0
399,7.09363956464e-10
463,3.8783554146e-08
200,1.0
1424,3.00764950225e-05
768,1.0
1507,1.19798656328e-07
273,1.0
1258,1.0
1173,4.37351283661e-12
1171,1.0
83,9.84054054243e-07
1460,1.0
438,1.0
560,1.35031577031e-08
834,1.21119455798e-05
1141,9.17714688964e-12
1309,7.97112897999e-06
828,1.0
1327,5.15069302764e-07
390,1.0
73,1.37230008477e-05
557,0.999995946884
1101,1.0
596,2.94173539694e-13
400,0.000106651670649
1270,1.0
376,0.999998450279
575,1.0
833,0.999999880791
258,1.0
367,7.67386501566e-12
1158,1.29567273577e-10
1096,8.53722070815e-08
1099,7.83313225838e-07
1118,8.27424228191e-05
712,4.54473307945e-12
960,1.0
327,1.0
289,2.32254805665e-11
1207,4.42208886398e-07
1389,1.0
520,1.0
346,0.000608968199231
690,2.10612597584e-07
1282,1.06298203573e-09
124,1.0
381,1.0
924,1.0
819,0.999999165535
760,3.78440700543e-14
1458,0.999999761581
1504,6.24491014456e-10
434,0.800318598747
1098,8.42325334816e-07
792,1.29517570713e-06
686,8.84535608821e-13
1376,1.0
183,3.39332721921e-08
69,8.85795950478e-11
893,1.0
505,1.50922801367e-07
336,1.0
252,2.413740674e-08
615,1.0
48,1.0
1331,1.0
935,1.0
660,9.5862429589e-05
306,1.0
280,1.0
977,1.2809882719e-05
329,1.0
769,5.28942873643e-05
288,9.88538244318e-12
732,1.0
139,1.0
1355,1.0
1360,1.0
464,1.0
1223,1.0
1423,5.48376419829e-06
1392,1.0
52,1.0
1408,0.390135765076
589,7.22738477634e-05
1122,1.0
409,1.59158735187e-05
1013,1.0
670,5.94653354336e-11
1521,3.15754419944e-07
951,1.0
1519,1.65277458386e-10
916,1.0
985,2.48588694376e-05
659,7.66291310326e-15
992,1.0
705,2.35005088306e-11
239,1.0
1344,1.0
488,1.0
875,1.0
97,1.0
1217,3.4528122228e-07
323,1.0
1502,9.61394089338e-11
173,1.0
60,6.42231656734e-16
377,3.75666026065e-11
1097,1.0
351,1.69022609953e-06
1350,0.999999642372
243,4.08554301501e-09
101,1.0
31,4.74326697031e-07
1204,1.16847616027e-08
653,1.0
809,1.0
599,1.0
457,0.884074568748
191,5.28691401769e-09
729,1.67818576813e-08
829,1.0
722,1.0
95,1.20750740136e-12
1275,1.0
215,1.03849914779e-12
804,0.992197573185
238,5.13555560924e-12
441,1.0
1322,1.0
781,5.19053289239e-09
54,3.97450747869e-07
1221,0.999999880791
1433,1.0
1457,1.0
987,1.0
770,1.0
771,1.0
1026,3.54664242419e-10
23,1.0
64,1.0
827,1.0
338,3.39676847576e-14
28,1.40904518955e-12
414,1.17138079077e-05
1374,0.999954581261
1268,1.0
1067,1.72652184216e-10
42,1.65625380077e-08
379,9.71425606622e-10
1253,1.0
1413,7.77394398854e-11
1264,2.14847460711e-07
956,1.0
894,1.0
1286,0.999994397163
597,9.16587159362e-14
1526,0.0126427933574
1256,0.000911262177397
1154,1.0
832,3.14392567535e-10
881,1.60989529832e-05
941,1.47870517914e-11
943,0.285553216934
1438,5.52921530783e-09
1287,3.00855269586e-08
212,5.48534708053e-14
331,2.39237935018e-10
1007,2.03231301717e-16
845,0.743707835674
1239,2.56972443324e-10
1107,1.0
98,1.65035407917e-06
227,1.0
1,1.0
1323,1.0
9,1.0
635,1.0
1038,1.72170004475e-07
1184,1.45340992574e-08
1379,4.44140050604e-06
926,0.99923324585
14,1.0
129,1.82089259226e-08
991,7.89869645385e-12
698,6.51837915241e-12
797,1.0
1469,1.0
879,1.0
1055,1.0
552,1.0
526,1.0
911,1.0
487,2.7536797842e-10
628,1.0
715,1.0
1405,1.0
1060,1.0
590,1.0
284,6.62696351787e-13
55,1.0
721,1.0
586,1.54828697418e-07
706,1.0
726,1.04436544746e-07
900,1.0
1511,1.0
342,0.235060721636
930,1.84205185827e-11
513,1.0
538,0.00856780726463
742,2.69533506625e-10
1165,4.91329719965e-12
1529,1.89200086154e-10
153,1.50592510684e-10
1302,1.0
1093,9.64133448633e-08
532,2.78721851155e-10
40,1.74148322241e-15
852,1.42882121065e-11
547,1.0
361,4.8893463063e-12
681,0.000188299643924
1178,1.95918960344e-06
1022,3.43192918528e-10
1052,1.37684779133e-07
572,1.0
1064,1.23604237956e-10
224,2.18940230529e-11
181,1.0
542,6.50162007565e-11
1437,3.7372088757e-10
694,9.04386638467e-07
773,1.0
821,5.16232279146e-10
347,2.80751621951e-09
914,1.0
1039,1.0
185,9.01191015146e-08
114,5.73436700506e-05
707,0.990827739239
869,1.0
1280,9.95701160411e-11
630,3.25516120938e-05
1306,0.977423012257
1484,0.00285163917579
474,1.29392427328e-10
853,1.0
1032,9.99949678615e-10
269,5.11805459125e-11
639,0.000237744083279
1082,1.0
625,7.26252558092e-10
1242,3.80981557413e-09
1185,9.66289235294e-08
348,1.0
406,0.989634692669
405,1.0942607237e-10
1419,2.37977360484e-07
808,6.21412477031e-10
204,1.0
675,1.0
1046,1.0
654,5.53290192329e-06
687,1.70942954014e-07
416,8.23358256574e-11
963,1.0
1244,1.0
1403,9.21432635054e-13
713,1.0
1229,2.45089904638e-06
876,1.0
850,0.190942659974
427,1.20508919683e-12
1255,1.0
1449,0.00209934450686
1319,1.13971310167e-09
197,3.47275613422e-06
562,6.51222457036e-13
236,1.0
896,1.0
644,2.47474449822e-08
1018,1.0
1084,1.0
1043,1.0
645,1.0
1166,1.61679563462e-05
600,1.02041652905e-10
651,2.82226997328e-09
1307,1.0
322,1.0
856,9.58917638627e-08
24,1.0
1222,1.0
578,7.22932217562e-12
315,1.63045088541e-09
137,0.999997854233
1159,2.7001640035e-08
861,5.50627191842e-06
1417,1.0
515,1.0
1004,1.0
1266,4.86987845882e-11
592,1.21380849816e-09
882,1.0
179,1.0
667,1.0
766,2.62789190408e-09
1070,0.000131414315547
395,0.999994277954
923,1.74378761431e-10
1259,8.5664225713e-11
871,7.33467648596e-14
1400,1.0
1261,2.48670462e-09
718,2.04106087587e-09
1427,0.999982714653
1339,1.21273469045e-09
475,1.0
319,1.0
1421,1.0
568,6.2939519048e-13
1090,2.5701925397e-12
959,2.34206272154e-08
714,1.0
458,1.0
741,1.0
174,1.8320008054e-13
753,5.14528752937e-10
697,6.67915155645e-05
430,3.0962528399e-05
7,1.26646193532e-11
1086,1.71301248741e-08
397,1.0
1100,1.0
1279,1.0
1044,0.247679755092
1010,2.71630612968e-12
345,1.0
283,1.48228522789e-08
1127,4.25293455919e-06
1196,1.0
165,1.0
865,9.35215139179e-05
423,1.47296134401e-07
1294,3.45189619111e-08
19,1.42255474067e-09
94,1.3854474859e-11
480,2.04176345969e-11
565,2.14902531326e-08
523,5.75359217692e-06
373,4.75535973446e-12
1230,1.0
1002,3.3298414337e-07
1048,3.22453068691e-08
974,1.0
255,5.44921367144e-14
1326,0.999992489815
1194,0.000107804313302
27,1.0
1372,1.0
190,1.0
570,2.55311115131e-12
1119,1.0
556,4.98454715003e-11
970,7.59057138566e-06
979,3.17017636101e-12
1078,0.00376325193793
1524,1.0
727,0.999994158745
1047,1.0
1170,1.0
593,0.000187081634067
1182,1.0
375,0.0194665975869
836,9.13046027673e-12
1139,1.0
260,3.31658978059e-10
253,1.0
1455,1.32857114199e-10
1315,2.43913778064e-09
1092,4.27440269052e-15
1525,1.0
734,2.2198947125e-09
693,1.0
847,3.30407658566e-07
682,3.24333604678e-13
1409,1.0
419,0.999799191952
846,0.0218852236867
548,4.64337726255e-12
652,1.0
443,1.20722071228e-10
398,5.79307324333e-10
312,1.0
103,1.0
248,1.0
1396,4.36677026983e-07
789,2.6767200012e-08
511,3.0082258299e-12
404,7.10441497298e-11
711,0.0308689791709
1008,4.47386398761e-12
230,4.81408315989e-13
44,4.29945627711e-11
1357,2.17824839248e-14
814,0.973246693611
145,4.37002567466e-09
666,8.2130069618e-14
668,1.0
1466,1.0
976,0.000186307996046
428,1.0
1262,5.2920011484e-08
553,8.23196160127e-08
1478,4.00718136007e-07
374,3.91139698408e-09
1205,1.21763391037e-10
206,5.18797937943e-09
1061,3.70250063497e-07
1359,1.0
128,1.0
566,1.0
357,1.0
132,3.15432413522e-09
820,0.0104237627238
1295,1.0
1388,0.999978423119
442,1.0
569,1.0
1291,2.70044824902e-06
1187,1.0
731,1.81496311313e-08
649,5.27624506503e-05
784,1.0
1439,4.10363327319e-07
574,1.39062454043e-13
851,1.0
638,9.5873620154e-09
1250,7.64326344438e-08
735,0.00661251973361
168,1.0
478,1.04246541954e-10
1202,1.0
545,1.0
196,1.27287711621e-11
75,9.29453776166e-08
891,1.0
151,0.00194015505258
246,0.0167557857931
198,0.000735230802093
1352,1.0
439,1.0
947,0.0123805543408
1274,1.0
782,2.15667395054e-09
1021,1.24023902259e-10
1432,0.0514206774533
497,3.91664273984e-14
1313,0.000152995460667
109,0.999999642372
1317,1.0
402,1.55036432261e-05
362,6.60199048208e-11
450,1.0
822,8.45525664772e-06
411,2.52606574547e-10
407,0.999476015568
142,0.985501229763
1330,1.24022627664e-15
678,1.0
788,9.33380928103e-10
465,3.63647167934e-11
1272,9.15385811595e-09
38,1.8004272988e-06
617,1.0
99,1.0
265,6.25393909104e-07
499,1.0
1065,1.0
435,1.0
82,0.000852716970257
1180,1.0
1401,6.24818641271e-10
1486,1.69101929259e-06
796,1.0
177,7.64268042985e-06
994,5.47395982708e-12
473,2.81504871964e-05
43,6.72021860737e-06
1156,1.0
410,2.76646642305e-05
1063,1.538494665e-09
1499,1.0
1014,1.0
1394,1.0
272,2.055168693e-07
111,6.29033422572e-11
1452,1.0
1057,1.0
1016,3.11260531238e-11
818,1.0
1115,0.0086503745988
1483,1.89915372175e-05
1475,1.83488410244e-07
1398,0.0463053882122
318,1.0
368,0.021598065272
608,3.31924154828e-10
104,1.0
872,0.00286263902672
1412,1.0
921,1.0
8,1.0
33,1.0
997,1.0
1518,1.0
108,1.0
178,2.59447330286e-09
268,1.0
530,0.986913383007
1420,4.98853345784e-14
1328,1.01462728708e-05
627,0.0610450394452
1450,1.0
1037,1.0
130,3.88509091565e-09
1179,2.06601362152e-06
140,1.0
254,3.76293662896e-10
332,0.999996423721
341,4.05224499789e-11
1516,1.0
577,1.0
1017,0.997071623802
5,1.0
1108,5.57131452084e-10
730,2.72318495878e-12
1144,0.999999761581
1206,6.42234212478e-08
1325,1.5681600983e-12
1121,8.17660293251e-07
688,0.000161918986123
522,6.61895560583e-09
1290,1.84027584837e-10
387,1.30110997532e-08
1203,1.0
1468,1.0
235,6.3522005803e-05
1418,1.0
541,2.25631538342e-07
806,1.0
844,1.0
571,1.9103391935e-07
1128,2.04097105438e-07
1241,7.85913140122e-11
613,1.0
1138,1.62576396789e-10
811,1.0
250,1.95374163218e-15
1336,3.05662446465e-08
1471,1.0
468,1.0
1397,3.57434486739e-13
1393,1.19035780699e-06
80,1.74250804758e-13
1273,1.0
1114,1.48483958462e-09
785,1.0
1072,4.33132925082e-07
232,1.0
209,1.0
1370,4.8594168689e-09
1146,2.20641820786e-11
839,7.19639348112e-10
429,9.30060559767e-05
1246,4.23439729502e-07
1454,0.498826831579
975,4.8647652573e-10
16,3.76941855507e-09
1209,1.09491322675e-08
154,1.0
680,1.0
1076,2.64074593304e-08
133,8.32639582282e-11
563,5.10542236043e-07
448,1.86250190382e-07
1176,1.0
365,0.995568096638
1234,1.0
817,1.0
1299,0.603504538536
1066,1.0
244,1.0
1375,0.997446775436
1003,1.0
838,2.57425991634e-08
877,4.31259715439e-11
467,1.29905207956e-15
274,6.0128090007e-11
1410,4.81631748372e-12
1025,3.46932921437e-15
79,0.00347745069303
277,0.0133464485407
415,3.92717282693e-07
1304,1.0
1243,0.615925371647
1151,2.69880728876e-10
692,3.73740505211e-08
605,7.98512792244e-06
1269,1.0
1298,0.0105335777625
588,1.16084815371e-11
180,1.0
800,0.999997973442
293,8.00495780773e-11
337,1.06718064941e-10
131,9.4225833891e-05
20,4.54050963494e-10
1431,1.26582676785e-07
297,3.72254044123e-06
321,1.0
77,1.0
516,1.0
606,0.00216442090459
619,1.0
446,1.0
195,4.23843238284e-10
117,1.0
86,2.66520801233e-05
1211,6.56763006646e-07
647,1.0
793,6.07845223044e-08
937,1.0
157,3.25359357511e-11
620,7.64008589726e-08
1399,1.1586203108e-08
1493,1.0
958,1.0
49,2.36132054852e-05
310,1.03762458695e-11
51,1.0
736,0.0102777602151
842,1.0
801,1.32948874132e-10
1071,3.76228559418e-09
1520,2.26510643575e-10
1485,6.52698872727e-08
517,6.70905275779e-11
1497,1.0
257,1.79297943159e-09
610,4.71648745588e-05
1505,1.0
674,3.58466422767e-06
1463,3.49028793292e-16
500,2.09461159528e-08
1467,1.0
965,0.0158555302769
708,1.0
940,1.0
308,4.89054752251e-09
203,1.0
170,0.000232809543377
320,1.39293698798e-09
803,4.28526214513e-10
292,2.181590672e-11
501,1.0
1371,1.0
300,3.48845183851e-08
219,1.80230789603e-14
534,1.43949074882e-09
1091,1.0
84,8.16272986981e-08
503,1.01706767452e-08
1489,1.0
1354,1.45670212004e-11
1362,1.88703067251e-14
1247,6.08513328189e-05
1345,1.0
966,1.0
237,1.0
408,1.0
1153,1.14337268819e-10
1035,4.09209263807e-07
1386,0.000930766924284
981,5.90007459778e-07
810,1.0
576,1.0
1531,1.0
325,3.66714303368e-09
264,1.0
849,0.000106382591184
286,1.13995941575e-08
1177,0.999999761581
860,1.95714271456e-08
984,1.0
1109,1.0
868,6.79916400959e-11
1292,1.33400305913e-07
35,6.83336656948e-06
1085,0.000433595530922
945,4.53123085928e-12
74,7.54601892083e-09
1030,4.54510371397e-13
186,3.05089731256e-09
554,1.0
1436,9.94127180576e-09
256,7.8832806949e-09
1012,1.0
1238,7.39335676014e-11
449,5.99727245643e-09
925,7.92519415427e-07
349,1.0
1161,1.0
754,1.14324063816e-06
1186,1.0
211,1.0
1367,1.0
1321,1.0
648,1.0
445,1.0
469,1.0
370,1.0
412,5.37701012604e-08
1342,1.0
658,6.75358102775e-10
1157,6.72203492869e-09
1329,5.66686129445e-13
962,1.0
1193,8.50517708562e-14
358,0.00012608684483
494,1.0
281,1.0
241,0.000117275427328
276,1.0
1172,1.0
493,1.60740416533e-08
386,1.0
978,1.0
529,1.22548871051e-09
1284,1.0
880,0.99800413847
518,1.0
1366,9.81068559724e-11
1430,1.0
41,1.0
611,5.22218215337e-06
1163,0.0186835937202
910,1.0199096323e-05
1254,3.35682307195e-06
1429,5.53867227689e-13
1491,1.0
1447,0.999719798565
745,0.582720816135
1348,2.24759086342e-10
561,5.72926309259e-14
422,1.81381119546e-06
1528,1.0
779,1.0
665,1.0
528,1.0
58,1.0
892,1.0
187,1.0
78,0.999999761581
76,0.00419877516106
1395,4.85633264237e-16
765,0.999992728233
737,2.5647284474e-06
1214,1.54291723842e-09
637,4.54749260825e-06
794,0.000858500425238
317,1.54229188404e-15
1130,4.58072919128e-15
906,4.48531167763e-09
1289,6.57336443055e-08
1231,4.01352752031e-13
50,1.0
1227,1.0
1152,1.0
2,6.09673661382e-13
1169,1.44300682514e-09
783,1.0
163,6.72759847831e-10
1434,1.0
657,2.45698267287e-10
59,1.56317778166e-10
126,6.65297122948e-11
848,1.0
1126,1.0
107,7.1321927517e-15
213,3.93773295221e-12
121,1.0
229,1.0
490,2.47031950451e-09
1263,1.38576972451e-15
1049,4.93704513035e-12
1303,1.50849288616e-09
643,0.999973893166
897,4.18934713309e-11
1129,1.78227781146e-15
1058,0.999999642372
544,2.97148403661e-06
1111,1.58804925832e-06
982,1.0
909,1.0
636,4.39300424379e-14
864,3.15789499906e-16
510,1.0
531,8.68325525957e-14
452,3.29410626143e-15
1445,2.3279756789e-08
147,1.0
663,1.0
1201,0.0122079197317
393,9.21444886538e-13
583,4.24081481469e-05
746,1.0
1517,1.0
262,3.80619852042e-13
1346,0.000518900109455
1125,4.02751716422e-08
30,3.56034542126e-11
413,0.999936699867
1225,1.0
136,6.77383593661e-10
242,3.22506239172e-05
549,3.66332777446e-08
476,1.50879209126e-09
774,2.42647893174e-05
969,3.54611001967e-05
582,1.0
934,1.0
118,4.82273422586e-12
1406,4.90626202859e-13
53,4.41105864942e-13
1459,0.999531388283
199,0.000777028617449
703,1.44460399198e-09
461,1.0
519,1.29020349959e-07
424,7.10357772604e-10
1105,8.718630852e-12
748,1.0
454,1.0
298,3.00405450515e-10
837,1.0
738,1.0
886,1.46017937325e-11
299,3.51328958459e-06
148,1.0
29,1.42338808473e-06
1031,1.0
160,1.0
1120,1.0
942,1.81346659911e-10
1213,1.0
983,2.64026495111e-10
1134,1.0
89,1.0
1390,1.0
1175,1.67117768513e-08
1248,1.0
233,0.000151496147737
1383,4.69573624429e-09
301,6.31729391021e-10
1228,1.0
1040,1.0
285,0.998888790607
917,1.0
1494,1.0
1384,1.0
540,3.97167271293e-10
291,1.0
679,1.0
1337,1.0
514,4.03326851084e-11
662,1.0
567,0.999826014042
1088,4.13553010503e-07
158,2.19727860039e-12
1481,6.08358224907e-11
1512,1.21637465725e-12
1382,1.38432632024e-09
743,1.0
525,9.12220077254e-10
90,2.60706323196e-09
929,1.0
857,1.0
1034,1.0
537,1.80761503543e-08
247,3.54766065414e-08
1509,1.0
903,0.000402038858738
1404,1.0
595,0.00127866060939
802,1.0
907,2.01012251289e-09
127,4.49542176284e-06
939,2.32618949667e-05
403,0.999999880791
1415,1.24470713684e-12
1074,1.0
1482,1.0
1387,2.07028949539e-10
1200,1.0
740,6.3219525101e-12
656,1.0
25,1.0
1233,1.69333532085e-07
32,1.92951321587e-09
1145,4.30707310095e-11
1257,1.20708242799e-14
1199,1.0
813,1.0
601,8.73093813425e-05
1369,2.73618142033e-11
1341,3.35251160166e-10
1281,2.10123987654e-10
1174,1.0
1094,1.0
642,1.0
1293,0.999997735023
1015,1.73832233941e-07
1081,1.0
762,1.0
955,8.81303696687e-10
1349,1.0
884,1.0
1059,1.0
122,3.92738376542e-11
684,1.0
840,8.73330918694e-06
993,1.0
394,0.0114977387711
305,1.0
1191,1.47315067807e-05
10,4.54845715129e-14
1312,2.99111945878e-07
1068,1.0
807,9.73536984361e-09
755,6.66577737451e-10
621,1.29715613184e-06
607,7.93651394604e-11
483,0.997422575951
1296,1.0
372,1.0
1333,1.0
385,0.000389978231397
509,8.34276576711e-08
1023,5.4535835483e-13
1042,1.0
1277,9.33126211748e-05
1028,0.0074202939868
26,1.0
1195,3.42968080151e-12
1414,6.65782717846e-09
1220,6.30454378552e-05
632,1.93515692359e-08
1358,1.0
623,1.65570968047e-09
1252,6.79735131029e-14
1133,0.051512543112
217,7.09150145832e-14
222,1.0
826,0.000155930014444
471,1.52268036504e-13
72,4.83660533845e-09
763,8.18250469551e-13
47,2.38595054824e-09
418,1.0
904,1.0
1318,1.0
270,4.84030842074e-08
988,1.0
141,1.0
87,1.0
805,1.0
223,1.0
113,5.92853447558e-16
1495,1.48602225636e-07
685,1.48003287403e-09
392,6.00777622095e-11
451,3.33917923854e-05
725,1.95510829748e-09
326,1.14105830562e-07
1140,3.74754963559e-05
421,3.90455898014e-05
214,1.0
1381,1.0
1106,1.0
618,1.0
355,1.0
1343,0.0053747468628
143,0.0015965111088
1297,7.79326863459e-12
166,1.064893616e-13
68,1.0
1474,3.41726185127e-08
144,1.65678371022e-09
878,5.10688956401e-11
855,1.0
71,1.23846783523e-11
383,3.38572780922e-10
1136,1.77282136454e-12
1530,1.0
919,0.999731123447
182,1.0
952,1.86698521226e-11
825,3.98559768522e-10
1440,1.74864692171e-10
484,1.0329284086e-12
936,0.148684829473
339,0.951778113842
249,1.0
989,1.0
764,1.0
389,2.45861282722e-11
176,1.18460832255e-06
1500,1.0
905,1.02214777087e-07
343,1.0
912,3.86858860918e-12
723,0.999754369259
1224,9.8513140756e-08
220,1.0
1508,2.40999931123e-09
278,1.0
972,1.0
1117,1.0
1089,1.0
798,1.1261487316e-06
1219,0.917901575565
689,4.32635886227e-07
447,1.22307294501e-11
700,1.0
795,1.38305138826e-13
1216,3.77450560321e-16
704,1.0
823,1.0
1498,1.07559758829e-14
1054,1.0
1112,3.2630556035e-09
354,5.04113462085e-09
466,1.13764497822e-10
188,2.89913315576e-10
226,1.32451395771e-12
971,3.84732317116e-07
455,1.0
1506,1.0
612,1.0
138,6.01449119131e-06
161,1.0
604,1.0
61,9.4402174966e-09
431,3.52512671831e-11
831,1.0
433,0.00263767340221
677,4.64281174573e-06
1260,1.14926274364e-06
995,6.94003574608e-07
598,7.15222142844e-07
728,6.25257314368e-07
93,7.37414040941e-09
1197,1.0
1056,3.11952491616e-10
436,1.04703104639e-13
1116,1.0
231,1.0
307,5.04780928168e-07
303,1.85280537579e-08
1050,0.999999165535
1283,6.71305571132e-08
716,2.8622765269e-10
45,1.0
1501,1.28353837975e-11
616,0.0249754935503
867,1.0
1453,4.91909046829e-09
234,1.0
275,5.6971344975e-08
1380,1.0
81,1.02657861589e-06
162,1.85325227386e-10
671,0.999353349209
579,1.0
1461,5.70092137018e-14
1147,2.11932206184e-06
85,1.0
1183,7.07281122558e-09
221,1.0
536,7.16980474991e-09
602,3.15647810112e-07
1477,1.01766728378e-08
1515,0.00142336043064
1029,1.83311001933e-08
927,9.99219906817e-09
396,1.03360839887e-08
105,1.0
1361,3.78475739637e-08
986,1.0
67,1.7246488661e-14
495,3.51132034559e-09
980,4.68341241344e-08
194,2.02920213965e-09
146,1.0
205,1.47329422967e-11
504,0.999927759171
279,1.40383017424e-05
155,1.0
216,1.0
1276,0.999984741211
1079,1.0
1335,1.0
156,1.0
996,8.96483148133e-12
382,1.68278108958e-06
462,5.43996930835e-11
477,1.82817991856e-08
841,1.97660410175e-13
778,4.23868301569e-10
1288,1.0
1113,1.18599374765e-09
710,1.0
1391,0.0157294161618
1465,1.0
1033,9.21410656107e-11
533,1.0
440,0.999999880791
287,2.03334113991e-08
1377,1.40669681059e-05
21,1.0
1464,1.0
15,2.44751827694e-08
1368,1.0
724,1.43613421155e-09
799,1.0
719,3.09315767444e-11
609,1.0
1476,2.48271792014e-10
1446,1.0
931,1.4939470816e-07
776,3.02101768081e-13
1123,1.199289279e-10
1160,7.6914936642e-08
1470,1.26066507494e-12
384,1.0
470,1.0
1488,3.55524387707e-10
267,1.0
1324,1.0
328,5.57118607703e-14
240,2.58207084186e-14
587,5.86345151987e-07
66,0.00521780364215
889,1.0
460,7.72742078659e-11
92,1.64111888523e-08
591,9.10843766633e-07
1045,0.00575317209587
701,1.0
88,2.09002877227e-07
1462,1.0
125,1.0
954,1.91088131429e-10
1428,0.999375760555
202,1.0
1019,8.63915339266e-09
1143,8.44235570341e-10
898,1.46009040236e-06
330,0.999999761581
116,1.0
1189,1.7377885797e-07
1442,1.20998475128e-10
334,8.37002721906e-14
626,2.98785596264e-09
152,4.39679439523e-07
990,1.0
772,1.0
1443,7.55641382799e-10
672,1.0
496,1.0
100,0.041481655091
1479,1.0
57,2.24432046281e-08
633,1.0
885,5.23353105644e-12
201,0.00570470374078
1316,1.0
733,0.999999761581
506,0.991795361042
888,6.64413152046e-15
998,3.80865112126e-14
1523,0.999944329262
102,3.91466592475e-09
294,8.59020265944e-13
957,1.0
1167,1.0
1451,0.000645192514639
1311,2.22862550636e-09
311,0.993477940559
208,4.8427071242e-09
13,6.06691319405e-09
699,2.02708619668e-07
335,1.38291042617e-07
1208,3.23896257037e-11
169,1.0
1020,0.985802412033
767,6.42687847385e-11
786,5.19545606537e-09
895,4.16826078861e-13
1006,2.07572736777e-09
192,1.0
967,1.0
624,3.62744487226e-11
1162,1.0
580,1.32250085882e-10
858,1.0
1496,5.47792605547e-13
843,2.31588082045e-08
459,1.12327848412e-10
655,1.17938781013e-18
1135,0.0234307646751
1320,0.999999523163
873,1.0
640,1.85827048194e-11
641,1.0
1164,0.999908685684
646,1.0
263,7.14246760694e-12
46,0.000861845794134
